<?xml version = '1.0' encoding = 'utf-8'?>
<map version="1.0">

   <mapID target="title" url="title.htm"/>

   <!-- License Restrictions Warranty/Consequential Damages        Disclaimer -->
<mapID target="sqora__licwarrantnotice_ak" url="sqora.htm#licwarrantnotice_ak"/>

   <!-- Restricted Rights Notice -->
<mapID target="sqora__restrictedrightslegend_ak" url="sqora.htm#restrictedrightslegend_ak"/>

   <!-- Hazardous Applications Notice -->
<mapID target="sqora__hazardnotice_ak" url="sqora.htm#hazardnotice_ak"/>

   <!-- Trademark Notice -->
<mapID target="sqora__trademarknotice_ak" url="sqora.htm#trademarknotice_ak"/>

   <!-- Third-Party Content, Products, and Services Disclaimer -->
<mapID target="sqora__webcontentnotice_ak" url="sqora.htm#webcontentnotice_ak"/>

   <!-- Alpha and Beta Draft Documentation Notice -->
<mapID target="sqora__GUID-C464062F-FF7F-4043-B302-76A8CD5AF3A8" url="sqora.htm#GUID-C464062F-FF7F-4043-B302-76A8CD5AF3A8"/>

   <!-- Revenue Recognition Notice -->
<mapID target="sqora__GUID-40061FA9-CB91-4851-8EC7-530B3A275E1B" url="sqora.htm#GUID-40061FA9-CB91-4851-8EC7-530B3A275E1B"/>

   <!-- License Restrictions Warranty/Consequential Damages        Disclaimer -->
<mapID target="sqora__licwarrantnotice_ak" url="sqora.htm#licwarrantnotice_ak"/>

   <!-- Restricted Rights Notice -->
<mapID target="sqora__restrictedrightslegend_ak" url="sqora.htm#restrictedrightslegend_ak"/>

   <!-- Hazardous Applications Notice -->
<mapID target="sqora__hazardnotice_ak" url="sqora.htm#hazardnotice_ak"/>

   <!-- Trademark Notice -->
<mapID target="sqora__trademarknotice_ak" url="sqora.htm#trademarknotice_ak"/>

   <!-- Third-Party Content, Products, and Services Disclaimer -->
<mapID target="sqora__webcontentnotice_ak" url="sqora.htm#webcontentnotice_ak"/>

   <!-- Alpha and Beta Draft Documentation Notice -->
<mapID target="sqora__GUID-C464062F-FF7F-4043-B302-76A8CD5AF3A8" url="sqora.htm#GUID-C464062F-FF7F-4043-B302-76A8CD5AF3A8"/>

   <!-- Revenue Recognition Notice -->
<mapID target="sqora__GUID-40061FA9-CB91-4851-8EC7-530B3A275E1B" url="sqora.htm#GUID-40061FA9-CB91-4851-8EC7-530B3A275E1B"/>

   <!-- Using the Oracle ODBC Driver -->
<mapID target="sqora__GUID-7931EDFB-7A70-4BBE-903E-8A2BB09DBE9D" url="sqora.htm#GUID-7931EDFB-7A70-4BBE-903E-8A2BB09DBE9D"/>

   <!-- About Oracle ODBC Driver -->
<mapID target="ADFNS1113" url="sqora.htm#GUID-82579042-CDED-472F-841B-F0EAFCDEDAA1"/>
   <mapID target="ADFNS1114" url="sqora.htm#GUID-82579042-CDED-472F-841B-F0EAFCDEDAA1"/>
   <mapID target="ADFNS1115" url="sqora.htm#GUID-82579042-CDED-472F-841B-F0EAFCDEDAA1"/>
   <mapID target="ADFNS1116" url="sqora.htm#GUID-82579042-CDED-472F-841B-F0EAFCDEDAA1"/>

   <!-- For All Users -->
<mapID target="ADFNS1117" url="sqora.htm#GUID-27B82A11-FF45-43D9-8D94-7AF1D77CD320"/>
   <mapID target="ADFNS219" url="sqora.htm#GUID-27B82A11-FF45-43D9-8D94-7AF1D77CD320"/>

   <!-- For Advanced Users -->
<mapID target="ADFNS1163" url="sqora.htm#GUID-7B038D08-62E0-4D6A-890A-4211A647BDFB"/>
   <mapID target="ADFNS354" url="sqora.htm#GUID-7B038D08-62E0-4D6A-890A-4211A647BDFB"/>

   <!-- For Programmers -->
<mapID target="ADFNS1182" url="sqora.htm#GUID-52D0B344-1AF6-4F1A-91A4-3089ED199FFF"/>
   <mapID target="ADFNS989" url="sqora.htm#GUID-52D0B344-1AF6-4F1A-91A4-3089ED199FFF"/>

   <!-- Documentation Accessibility -->
<mapID target="sqora__GUID-E409CC44-9A8F-4043-82C8-6B95CD939296" url="sqora.htm#GUID-E409CC44-9A8F-4043-82C8-6B95CD939296"/>

   <!-- Using the Oracle ODBC Driver -->
<mapID target="sqora__GUID-7931EDFB-7A70-4BBE-903E-8A2BB09DBE9D" url="sqora.htm#GUID-7931EDFB-7A70-4BBE-903E-8A2BB09DBE9D"/>

   <!-- About Oracle ODBC Driver -->
<mapID target="ADFNS1113" url="sqora.htm#GUID-82579042-CDED-472F-841B-F0EAFCDEDAA1"/>
   <mapID target="ADFNS1114" url="sqora.htm#GUID-82579042-CDED-472F-841B-F0EAFCDEDAA1"/>
   <mapID target="ADFNS1115" url="sqora.htm#GUID-82579042-CDED-472F-841B-F0EAFCDEDAA1"/>
   <mapID target="ADFNS1116" url="sqora.htm#GUID-82579042-CDED-472F-841B-F0EAFCDEDAA1"/>

   <!-- For All Users -->
<mapID target="ADFNS1117" url="sqora.htm#GUID-27B82A11-FF45-43D9-8D94-7AF1D77CD320"/>
   <mapID target="ADFNS219" url="sqora.htm#GUID-27B82A11-FF45-43D9-8D94-7AF1D77CD320"/>

   <!-- Oracle ODBC Driver -->
<mapID target="ADFNS1118" url="sqora.htm#GUID-EAFDBA50-CD52-45E6-9176-D81E605FF555"/>
   <mapID target="ADFNS220" url="sqora.htm#GUID-EAFDBA50-CD52-45E6-9176-D81E605FF555"/>

   <!-- What Is the Oracle ODBC Driver -->
<mapID target="ADFNS1119" url="sqora.htm#GUID-194E8168-5320-4FF2-BABF-D125A7F4658C"/>
   <mapID target="ADFNS1120" url="sqora.htm#GUID-194E8168-5320-4FF2-BABF-D125A7F4658C"/>
   <mapID target="ADFNS1121" url="sqora.htm#GUID-194E8168-5320-4FF2-BABF-D125A7F4658C"/>

   <!-- New and Changed Features -->
<mapID target="ADFNS1122" url="sqora.htm#GUID-CD847FD4-7CF9-40E1-B0C0-6B9EB372E122"/>
   <mapID target="ADFNS221" url="sqora.htm#GUID-CD847FD4-7CF9-40E1-B0C0-6B9EB372E122"/>
   <mapID target="ADFNS1123" url="sqora.htm#GUID-CD847FD4-7CF9-40E1-B0C0-6B9EB372E122"/>
   <mapID target="ADFNS1124" url="sqora.htm#GUID-CD847FD4-7CF9-40E1-B0C0-6B9EB372E122"/>
   <mapID target="ADFNS1125" url="sqora.htm#GUID-CD847FD4-7CF9-40E1-B0C0-6B9EB372E122"/>
   <mapID target="ADFNS1126" url="sqora.htm#GUID-CD847FD4-7CF9-40E1-B0C0-6B9EB372E122"/>
   <mapID target="ADFNS1127" url="sqora.htm#GUID-CD847FD4-7CF9-40E1-B0C0-6B9EB372E122"/>

   <!-- Features Not Supported -->
<mapID target="ADFNS1128" url="sqora.htm#GUID-3FE69BEF-F8D2-4152-9B1A-877186C47028"/>
   <mapID target="ADFNS1129" url="sqora.htm#GUID-3FE69BEF-F8D2-4152-9B1A-877186C47028"/>

   <!-- Files Created by the Installation -->
<mapID target="ADFNS1130" url="sqora.htm#GUID-621E2754-45F2-4808-B45A-0F59B8DEDB7C"/>
   <mapID target="ADFNS1131" url="sqora.htm#GUID-621E2754-45F2-4808-B45A-0F59B8DEDB7C"/>
   <mapID target="ADFNS1132" url="sqora.htm#GUID-621E2754-45F2-4808-B45A-0F59B8DEDB7C"/>
   <mapID target="ADFNS1133" url="sqora.htm#GUID-621E2754-45F2-4808-B45A-0F59B8DEDB7C"/>

   <!-- Driver Conformance Levels -->
<mapID target="ADFNS1134" url="sqora.htm#GUID-01757251-AC5C-4F24-AC58-618126910939"/>

   <!-- Known Limitations -->
<mapID target="ADFNS1135" url="sqora.htm#GUID-05C9DB32-1D42-497E-BCA5-A408D4385B48"/>

   <!-- Configuration Tasks -->
<mapID target="ADFNS1136" url="sqora.htm#GUID-4A5C4CB2-A510-4637-90C6-22010B6AA0D3"/>
   <mapID target="ADFNS222" url="sqora.htm#GUID-4A5C4CB2-A510-4637-90C6-22010B6AA0D3"/>

   <!-- Configuring Oracle Net Services -->
<mapID target="ADFNS1137" url="sqora.htm#GUID-EA75770C-FAB2-4F98-BCF6-045A47A79A1E"/>

   <!-- Configuring the Data Source -->
<mapID target="ADFNS1138" url="sqora.htm#GUID-2F0D82DF-2516-497F-9BD5-FC0CA9793D27"/>
   <mapID target="ADFNS1139" url="sqora.htm#GUID-2F0D82DF-2516-497F-9BD5-FC0CA9793D27"/>
   <mapID target="ADFNS1140" url="sqora.htm#GUID-2F0D82DF-2516-497F-9BD5-FC0CA9793D27"/>
   <mapID target="ADFNS1141" url="sqora.htm#GUID-2F0D82DF-2516-497F-9BD5-FC0CA9793D27"/>
   <mapID target="ADFNS1142" url="sqora.htm#GUID-2F0D82DF-2516-497F-9BD5-FC0CA9793D27"/>

   <!-- Oracle ODBC Driver Configuration Dialog Box -->
<mapID target="ADFNS1143" url="sqora.htm#GUID-567FA71B-6DD8-434D-BEFC-B75ADB04411A"/>
   <mapID target="ADFNS1144" url="sqora.htm#GUID-567FA71B-6DD8-434D-BEFC-B75ADB04411A"/>
   <mapID target="ADFNS1145" url="sqora.htm#GUID-567FA71B-6DD8-434D-BEFC-B75ADB04411A"/>
   <mapID target="ADFNS1146" url="sqora.htm#GUID-567FA71B-6DD8-434D-BEFC-B75ADB04411A"/>
   <mapID target="ADFNS1147" url="sqora.htm#GUID-567FA71B-6DD8-434D-BEFC-B75ADB04411A"/>
   <mapID target="ADFNS1148" url="sqora.htm#GUID-567FA71B-6DD8-434D-BEFC-B75ADB04411A"/>
   <mapID target="ADFNS1149" url="sqora.htm#GUID-567FA71B-6DD8-434D-BEFC-B75ADB04411A"/>
   <mapID target="ADFNS1150" url="sqora.htm#GUID-567FA71B-6DD8-434D-BEFC-B75ADB04411A"/>
   <mapID target="ADFNS1151" url="sqora.htm#GUID-567FA71B-6DD8-434D-BEFC-B75ADB04411A"/>
   <mapID target="ADFNS1152" url="sqora.htm#GUID-567FA71B-6DD8-434D-BEFC-B75ADB04411A"/>

   <!-- Modifying the oraodbc.ini File -->
<mapID target="ADFNS1153" url="sqora.htm#GUID-81BE6FBB-B0CA-4C0A-B708-9CADB5126A73"/>
   <mapID target="ADFNS223" url="sqora.htm#GUID-81BE6FBB-B0CA-4C0A-B708-9CADB5126A73"/>

   <!-- Reducing Lock Timeout -->
<mapID target="ADFNS1154" url="sqora.htm#GUID-6F8AF384-EF77-4EBA-AD45-4F54FF1A6739"/>

   <!-- Connecting to a Data Source -->
<mapID target="ADFNS1155" url="sqora.htm#GUID-F138E550-E14D-4417-9AE5-CC9EDE2DDE61"/>
   <mapID target="ADFNS352" url="sqora.htm#GUID-F138E550-E14D-4417-9AE5-CC9EDE2DDE61"/>

   <!-- Connecting to an Oracle Data Source -->
<mapID target="ADFNS1156" url="sqora.htm#GUID-A9C50E35-4766-47A1-933F-D35DB27E7C46"/>
   <mapID target="ADFNS1157" url="sqora.htm#GUID-A9C50E35-4766-47A1-933F-D35DB27E7C46"/>
   <mapID target="ADFNS1158" url="sqora.htm#GUID-A9C50E35-4766-47A1-933F-D35DB27E7C46"/>

   <!-- Troubleshooting -->
<mapID target="ADFNS1159" url="sqora.htm#GUID-4579145F-AD46-4B1D-AD2A-ACB8AFA962F1"/>
   <mapID target="ADFNS353" url="sqora.htm#GUID-4579145F-AD46-4B1D-AD2A-ACB8AFA962F1"/>

   <!-- About Using the Oracle ODBC Driver for the First Time -->
<mapID target="sqora__GUID-7DD0706A-BB7D-4277-B864-5BA3BB663DAD" url="sqora.htm#GUID-7DD0706A-BB7D-4277-B864-5BA3BB663DAD"/>

   <!-- Expired Password -->
<mapID target="ADFNS1161" url="sqora.htm#GUID-5D050A5C-8043-4E11-A84E-780F9BDBDAC8"/>
   <mapID target="ADFNS1162" url="sqora.htm#GUID-5D050A5C-8043-4E11-A84E-780F9BDBDAC8"/>

   <!-- For Advanced Users -->
<mapID target="ADFNS1163" url="sqora.htm#GUID-7B038D08-62E0-4D6A-890A-4211A647BDFB"/>
   <mapID target="ADFNS354" url="sqora.htm#GUID-7B038D08-62E0-4D6A-890A-4211A647BDFB"/>

   <!-- Creating Oracle ODBC Driver TNS Service Names -->
<mapID target="ADFNS1164" url="sqora.htm#GUID-A464ED4A-6131-46AC-8EB6-3F697C2BAF3E"/>

   <!-- SQL Statements -->
<mapID target="ADFNS1165" url="sqora.htm#GUID-78184852-E076-4574-9D79-2513301BFEF5"/>
   <mapID target="ADFNS1166" url="sqora.htm#GUID-78184852-E076-4574-9D79-2513301BFEF5"/>
   <mapID target="ADFNS1167" url="sqora.htm#GUID-78184852-E076-4574-9D79-2513301BFEF5"/>

   <!-- Data Types -->
<mapID target="ADFNS1168" url="sqora.htm#GUID-082A92F3-FC80-4327-8D43-38BADD15A975"/>
   <mapID target="ADFNS1169" url="sqora.htm#GUID-082A92F3-FC80-4327-8D43-38BADD15A975"/>
   <mapID target="ADFNS1170" url="sqora.htm#GUID-082A92F3-FC80-4327-8D43-38BADD15A975"/>

   <!-- Implementation of Data Types (Advanced) -->
<mapID target="ADFNS1171" url="sqora.htm#GUID-5D453F03-059F-469E-902C-82AB3695F40B"/>
   <mapID target="ADFNS355" url="sqora.htm#GUID-5D453F03-059F-469E-902C-82AB3695F40B"/>
   <mapID target="ADFNS1172" url="sqora.htm#GUID-5D453F03-059F-469E-902C-82AB3695F40B"/>
   <mapID target="ADFNS1173" url="sqora.htm#GUID-5D453F03-059F-469E-902C-82AB3695F40B"/>
   <mapID target="ADFNS1174" url="sqora.htm#GUID-5D453F03-059F-469E-902C-82AB3695F40B"/>

   <!-- Limitations on Data Types -->
<mapID target="ADFNS1175" url="sqora.htm#GUID-3103A456-A749-4EB9-B0FA-D074C4EF483E"/>
   <mapID target="ADFNS1176" url="sqora.htm#GUID-3103A456-A749-4EB9-B0FA-D074C4EF483E"/>

   <!-- Error Messages -->
<mapID target="ADFNS1177" url="sqora.htm#GUID-60D6F0A0-D043-4CA2-A360-5604A9BF2B73"/>
   <mapID target="ADFNS1178" url="sqora.htm#GUID-60D6F0A0-D043-4CA2-A360-5604A9BF2B73"/>
   <mapID target="ADFNS1179" url="sqora.htm#GUID-60D6F0A0-D043-4CA2-A360-5604A9BF2B73"/>
   <mapID target="ADFNS1180" url="sqora.htm#GUID-60D6F0A0-D043-4CA2-A360-5604A9BF2B73"/>
   <mapID target="ADFNS1181" url="sqora.htm#GUID-60D6F0A0-D043-4CA2-A360-5604A9BF2B73"/>

   <!-- For Programmers -->
<mapID target="ADFNS1182" url="sqora.htm#GUID-52D0B344-1AF6-4F1A-91A4-3089ED199FFF"/>
   <mapID target="ADFNS989" url="sqora.htm#GUID-52D0B344-1AF6-4F1A-91A4-3089ED199FFF"/>

   <!-- Format of the Connection String -->
<mapID target="ADFNS1183" url="sqora.htm#GUID-618B141E-DD46-4907-99C2-486E801CA878"/>
   <mapID target="ADFNS1184" url="sqora.htm#GUID-618B141E-DD46-4907-99C2-486E801CA878"/>
   <mapID target="ADFNS1185" url="sqora.htm#GUID-618B141E-DD46-4907-99C2-486E801CA878"/>
   <mapID target="ADFNS1186" url="sqora.htm#GUID-618B141E-DD46-4907-99C2-486E801CA878"/>

   <!-- SQLDriverConnect Implementation -->
<mapID target="ADFNS1188" url="sqora.htm#GUID-F141C2E1-BA44-4399-B72A-3B1FBA2BC750"/>
   <mapID target="ADFNS1189" url="sqora.htm#GUID-F141C2E1-BA44-4399-B72A-3B1FBA2BC750"/>

   <!-- Reducing Lock Timeout in a Program -->
<mapID target="ADFNS1190" url="sqora.htm#GUID-75E82FA6-CDAF-4745-A153-52AB996D2918"/>

   <!-- Linking with odbc32.lib (Windows) or libodbc.so (UNIX) -->
<mapID target="ADFNS1191" url="sqora.htm#GUID-CEC1EA8B-B196-47C5-AEEF-239A6540ED5C"/>

   <!-- Information About rowids -->
<mapID target="ADFNS1192" url="sqora.htm#GUID-F3BAD19C-24E7-47A7-89D6-65ADFB1D0FA1"/>

   <!-- Rowids in a WHERE Clause -->
<mapID target="ADFNS1193" url="sqora.htm#GUID-F3F23FDB-F79D-4F9C-AB80-75D4C36F9754"/>

   <!-- Enabling Result Sets -->
<mapID target="ADFNS1194" url="sqora.htm#GUID-BC046452-8494-4228-BF12-3277C231C42A"/>

   <!-- Enabling EXEC Syntax -->
<mapID target="ADFNS1195" url="sqora.htm#GUID-D1800509-12DF-4D6B-A56A-783D3DAF763A"/>

   <!-- Enabling Event Notification for Connection Failures in an Oracle RAC Environment -->
<mapID target="ADFNS1196" url="sqora.htm#GUID-796072D7-C1BA-41FC-B8DA-CBC77C6FF213"/>

   <!-- Using Implicit Results Feature Through ODBC -->
<mapID target="ADFNS315" url="sqora.htm#GUID-81368D2F-0CD5-4082-97DA-5A0949068371"/>

   <!-- About Supporting Oracle TIMESTAMP WITH TIME ZONE and TIMESTAMP WITH LOCAL TIME ZONE Column Type in ODBC -->
<mapID target="sqora__GUID-2FEED4F9-9AB8-4CA8-8AA5-C4F2ED862F8E" url="sqora.htm#GUID-2FEED4F9-9AB8-4CA8-8AA5-C4F2ED862F8E"/>

   <!-- About the Effect of Setting ORA_SDTZ in Oracle Clients (OCI, SQL*Plus, Oracle ODBC Driver, and Others) -->
<mapID target="sqora__GUID-47E39A2A-B3D2-4C61-891B-AD37B7E654C7" url="sqora.htm#GUID-47E39A2A-B3D2-4C61-891B-AD37B7E654C7"/>

   <!-- Supported Functionality -->
<mapID target="ADFNS1197" url="sqora.htm#GUID-3BA665DB-9B1B-4219-A236-2B2585DE3986"/>
   <mapID target="ADFNS991" url="sqora.htm#GUID-3BA665DB-9B1B-4219-A236-2B2585DE3986"/>

   <!-- API Conformance -->
<mapID target="ADFNS1198" url="sqora.htm#GUID-32A9C4C1-2CE2-4533-8C46-3095DCF361B9"/>
   <mapID target="ADFNS1199" url="sqora.htm#GUID-32A9C4C1-2CE2-4533-8C46-3095DCF361B9"/>
   <mapID target="ADFNS1200" url="sqora.htm#GUID-32A9C4C1-2CE2-4533-8C46-3095DCF361B9"/>

   <!-- Implementation of ODBC API Functions -->
<mapID target="ADFNS1212" url="sqora.htm#GUID-37A82452-DE02-4E07-9071-520549D23552"/>
   <mapID target="ADFNS1213" url="sqora.htm#GUID-37A82452-DE02-4E07-9071-520549D23552"/>

   <!-- Implementation of the ODBC SQL Syntax -->
<mapID target="ADFNS1214" url="sqora.htm#GUID-F6D578E0-CF3C-42CA-AD55-155E591DD74A"/>

   <!-- Implementation of Data Types (Programming) -->
<mapID target="ADFNS1215" url="sqora.htm#GUID-BAA07D62-A7F4-4A1B-B73F-86751A32EBDC"/>

   <!-- Unicode Support -->
<mapID target="ADFNS1216" url="sqora.htm#GUID-5C81EEFC-CF1C-47D9-927B-48AA4BAA1781"/>
   <mapID target="ADFNS992" url="sqora.htm#GUID-5C81EEFC-CF1C-47D9-927B-48AA4BAA1781"/>

   <!-- Unicode Support Within the ODBC Environment -->
<mapID target="ADFNS1217" url="sqora.htm#GUID-C29E5DEA-FCDF-4392-B35F-38E214085C15"/>

   <!-- Unicode Support in ODBC API -->
<mapID target="ADFNS1218" url="sqora.htm#GUID-AF2B2B2E-D4B5-4CEF-A865-2148A411DCD1"/>
   <mapID target="ADFNS1219" url="sqora.htm#GUID-AF2B2B2E-D4B5-4CEF-A865-2148A411DCD1"/>

   <!-- Unicode Functions in the Driver Manager -->
<mapID target="ADFNS1220" url="sqora.htm#GUID-0CF23B0B-1BD1-45EF-9C15-C61534F28230"/>

   <!-- SQLGetData Performance -->
<mapID target="ADFNS1221" url="sqora.htm#GUID-52D0EBAB-2EA1-482D-89E3-026435D4D675"/>

   <!-- Unicode Samples -->
<mapID target="ADFNS1222" url="sqora.htm#GUID-E1D5BAD9-BA73-4DB3-81ED-192240385702"/>
   <mapID target="ADFNS1223" url="sqora.htm#GUID-E1D5BAD9-BA73-4DB3-81ED-192240385702"/>
   <mapID target="ADFNS1224" url="sqora.htm#GUID-E1D5BAD9-BA73-4DB3-81ED-192240385702"/>
   <mapID target="ADFNS1225" url="sqora.htm#GUID-E1D5BAD9-BA73-4DB3-81ED-192240385702"/>
   <mapID target="ADFNS1226" url="sqora.htm#GUID-E1D5BAD9-BA73-4DB3-81ED-192240385702"/>
   <mapID target="ADFNS1227" url="sqora.htm#GUID-E1D5BAD9-BA73-4DB3-81ED-192240385702"/>

   <!-- Performance and Tuning -->
<mapID target="ADFNS1228" url="sqora.htm#GUID-1150CB70-B2F5-46F8-82EA-61FF38804B31"/>
   <mapID target="ADFNS997" url="sqora.htm#GUID-1150CB70-B2F5-46F8-82EA-61FF38804B31"/>

   <!-- General ODBC Programming Tips -->
<mapID target="ADFNS1229" url="sqora.htm#GUID-FE6D7303-D2F6-4EE2-B058-BAFF7FA82FE5"/>

   <!-- Data Source Configuration Options -->
<mapID target="ADFNS1230" url="sqora.htm#GUID-F99DC4BD-4B46-4BAC-B9C1-A6306D0529DA"/>
   <mapID target="ADFNS998" url="sqora.htm#GUID-F99DC4BD-4B46-4BAC-B9C1-A6306D0529DA"/>
   <mapID target="ADFNS1231" url="sqora.htm#GUID-F99DC4BD-4B46-4BAC-B9C1-A6306D0529DA"/>
   <mapID target="ADFNS1232" url="sqora.htm#GUID-F99DC4BD-4B46-4BAC-B9C1-A6306D0529DA"/>
   <mapID target="ADFNS1233" url="sqora.htm#GUID-F99DC4BD-4B46-4BAC-B9C1-A6306D0529DA"/>
   <mapID target="ADFNS1234" url="sqora.htm#GUID-F99DC4BD-4B46-4BAC-B9C1-A6306D0529DA"/>
   <mapID target="ADFNS1235" url="sqora.htm#GUID-F99DC4BD-4B46-4BAC-B9C1-A6306D0529DA"/>
   <mapID target="ADFNS1236" url="sqora.htm#GUID-F99DC4BD-4B46-4BAC-B9C1-A6306D0529DA"/>

   <!-- DATE and TIMESTAMP Data Types -->
<mapID target="ADFNS1237" url="sqora.htm#GUID-F08F34BC-F987-4F07-ADD9-EFA4705BD423"/>
   <mapID target="ADFNS1238" url="sqora.htm#GUID-F08F34BC-F987-4F07-ADD9-EFA4705BD423"/>

   <!-- Documentation Accessibility -->
<mapID target="sqora__GUID-E409CC44-9A8F-4043-82C8-6B95CD939296" url="sqora.htm#GUID-E409CC44-9A8F-4043-82C8-6B95CD939296"/>


</map>
